no,koglType,name,desc,menu,restSample,ajaxSample,manual,menuLinks
133,유형3,6차 산업 우수사례 스토리,6차산업 우수사례 스토리 정보를 제공.,-,,http://api.nongsaro.go.kr/sample/ajax/newIndustExcellenceCase/newIndustExcellenceCase.html,https://www.nongsaro.go.kr/portal/apiManual/newIndustExcellenceCase.zip,
132,유형3,6차산업 가공식품 우수경영체 정보,6차산업 가공식품 우수 경영업체에 대한 정보를 제공.,-,,http://api.nongsaro.go.kr/sample/ajax/newIndust100Lst/newIndust100Lst.html,https://www.nongsaro.go.kr/portal/apiManual/newIndust100Lst.zip,
131,유형3,RDA인테러뱅,"RDA인테러뱅 제목, 등록일, 의견수, 조회수, 평점 및 첨부파일 다운 기능을 제공.",RDA인테러뱅,http://api.nongsaro.go.kr/sample/rest/rdaInterrobang/rdaInterrobang.jsp,http://api.nongsaro.go.kr/sample/ajax/rdaInterrobang/rdaInterrobang.html,https://www.nongsaro.go.kr/portal/apiManual/rdaInterrobang.zip,https://nongsaro.go.kr/portal/ps/psv/psvr/psvrc/rdaInterLst.ps?menuId=PS00063
130,유형3,가축분뇨 통합자료 게시판,가축분뇨 통합자료 게시판 정보를 제공.,통합자료,,http://api.nongsaro.go.kr/sample/ajax/muckBulletinBoard/muckBulletinBoard.html,https://www.nongsaro.go.kr/portal/apiManual/muckBulletinBoard.zip,https://nongsaro.go.kr/portal/ps/psz/psza/contentMain.ps?menuId=PS03719&sUpperCode=all
129,유형3,건강안전정보,건강안전정보를 제공.,-,,http://api.nongsaro.go.kr/sample/ajax/healthEduGymMovInfo/healthEduGymMovInfo.html,https://www.nongsaro.go.kr/portal/apiManual/healthEduGymMovInfo.zip,
128,유형3,건조에 강한 실내식물,건조한 환경에서도 잘 자랄 수 있는 건조에 강한 실내식물 정보를 제공.,건조에 강한 실내식물,http://api.nongsaro.go.kr/sample/rest/dryGarden/dryGarden.jsp,http://api.nongsaro.go.kr/sample/ajax/dryGarden/dryGarden.html,https://www.nongsaro.go.kr/portal/apiManual/dryGarden.zip,https://nongsaro.go.kr/portal/ps/psz/psza/contentMain.ps?menuId=PS04099&pageUnit=8
127,유형3,고문헌 검색,곤충관련 고문헌 자료를 제공.,고문헌검색,,http://api.nongsaro.go.kr/sample/ajax/oldDocumentSrch/oldDocumentSrch.html,https://www.nongsaro.go.kr/portal/apiManual/oldDocumentSrch.zip,https://nongsaro.go.kr/portal/ps/psw/pswe/pswea/olltSrchList.ps?menuId=PS03781
126,유형3,고조리서 활용음식,고조리서 활용음식 정보를 제공.,-,,http://api.nongsaro.go.kr/sample/ajax/oldFoodRecipeInfo/oldFoodRecipeInfo.html,https://www.nongsaro.go.kr/portal/apiManual/oldFoodRecipeInfo.zip,
125,유형3,곤충문헌검색,곤충문헌 검색을 제공.,문헌검색,,http://api.nongsaro.go.kr/sample/ajax/ltrtreInfo/ltrtreInfo.html,https://www.nongsaro.go.kr/portal/apiManual/ltrtreInfo.zip,https://nongsaro.go.kr/portal/ps/psw/pswc/ltrtreInfoLst.ps?menuId=PS03769
124,유형3,곤충표본검색,곤충표본정보 검색을 제공.,곤충표본검색,,http://api.nongsaro.go.kr/sample/ajax/insectSampleSrch/insectSampleSrch.html,https://www.nongsaro.go.kr/portal/apiManual/insectSampleSrch.zip,https://nongsaro.go.kr/portal/ps/psw/pswa/pswaa/clgruppSrchLst.ps?menuId=PS03766&sortField=NCK_NM&sortOrder=ASC
123,유형1,곤충표본관 FAQ,곤충표본관 FAQ 정보를 제공.,FAQ,,http://api.nongsaro.go.kr/sample/ajax/insectFaq/insectFaq.html,https://www.nongsaro.go.kr/portal/apiManual/insectFaq.zip,https://nongsaro.go.kr/portal/ps/psz/psza/contentMain.ps?menuId=PS03780&bbsId=24
122,유형1,곤충표본관 공통코드,곤충표본관련 코드정보를 제공.,-,,http://api.nongsaro.go.kr/sample/ajax/insectSampleCommonCode/insectSampleCommonCode.html,https://www.nongsaro.go.kr/portal/apiManual/insectSampleCommonCode.zip,
121,유형3,곤충표본관 설문조사,곤충표본관 설문조사 정보를 제공.,-,,http://api.nongsaro.go.kr/sample/ajax/insectSampleSurvey/insectSampleSurvey.html,https://www.nongsaro.go.kr/portal/apiManual/insectSampleSurvey.zip,
120,유형3,곤충형태용어사전,곤충 형태용어사전 정보를 제공.,형태용어사전,,http://api.nongsaro.go.kr/sample/ajax/stleWordDic/stleWordDic.html,https://www.nongsaro.go.kr/portal/apiManual/stleWordDic.zip,https://nongsaro.go.kr/portal/ps/psw/pswb/pswbc/stleWordDicLst.ps?menuId=PS03280
119,유형1,공공 데이터,농사로에서 제공하는 OPEN-API 정보를 제공.,공공데이터,,http://api.nongsaro.go.kr/sample/ajax/openApiData/openApiData.html,https://www.nongsaro.go.kr/portal/apiManual/openApiData.zip,https://nongsaro.go.kr/portal/ps/psn/psnj/openApiLst.ps?menuId=PS65428
118,유형1,과수 생산단지,2006년~2014년 단계별 과수 생산단지 정보를 제공.,-,,http://api.nongsaro.go.kr/sample/ajax/fruitGrowingArea/fruitGrowingArea.html,https://www.nongsaro.go.kr/portal/apiManual/fruitGrowingArea.zip,
117,유형1,관련 사이트 정보,관련 사이트 정보를 제공.,관련사이트,,http://api.nongsaro.go.kr/sample/ajax/relatedSite/relatedSite.html,https://www.nongsaro.go.kr/portal/apiManual/relatedSite.zip,https://nongsaro.go.kr/portal/ps/psz/psza/contentMain.ps?menuId=PS02466&pageUnit=99
116,유형1,교구와 매뉴얼,교구와 매뉴얼 정보와 첨부파일을 제공.,교구와 매뉴얼,,http://api.nongsaro.go.kr/sample/ajax/tchaidMnl/tchaidMnl.html,https://www.nongsaro.go.kr/portal/apiManual/tchaidMnl.zip,https://nongsaro.go.kr/portal/ps/psz/psza/contentMain.ps?menuId=PS04210
115,유형1,교통표지,교통표지 정보를 제공.,도로에서의 안전운행 방법,,http://api.nongsaro.go.kr/sample/ajax/trafficSign/trafficSign.html,https://www.nongsaro.go.kr/portal/apiManual/trafficSign.zip,https://nongsaro.go.kr/portal/ps/psz/psza/contentMain.ps?menuId=PS00249&subTabMenu=PS00463
114,유형3,국내외최신연구동향,국내외최신연구동향 정보와 첨부파일을 제공.,-,,http://api.nongsaro.go.kr/sample/ajax/exportZoomIn/exportZoomIn.html,https://www.nongsaro.go.kr/portal/apiManual/exportZoomIn.zip,
113,유형3,꽃장식과 정원 꾸미기,꽃장식과 정원 꾸미기 정보를 제공.,실내정원 꾸미기,,http://api.nongsaro.go.kr/sample/ajax/flwrDecor/flwrDecor.html,https://www.nongsaro.go.kr/portal/apiManual/flwrDecor.zip,https://nongsaro.go.kr/portal/ps/psz/psza/contentMain.ps?menuId=PS03163
112,유형3,내재해형 시설규격,내재해형 시설규격,내재해형 시설규격,,http://api.nongsaro.go.kr/sample/ajax/fcltyStdDsgndo/fcltyStdDsgndo.html,https://www.nongsaro.go.kr/portal/apiManual/fcltyStdDsgndo.zip,https://nongsaro.go.kr/portal/ps/psz/psza/contentMain.ps?menuId=PS65445
111,유형2,농(農)영상 1분,농(農)영상 1분 동영상을 제공,-,,http://api.nongsaro.go.kr/sample/ajax/shortMvp/shortMvp.html,https://www.nongsaro.go.kr/portal/apiManual/shortMvp.zip,
110,유형3,농가맛집 정보,"전국의 농가맛집의 메뉴, 체험프로그램, 주변 관광/볼거리 정보 등을 제공.",농가맛집,http://api.nongsaro.go.kr/sample/rest/frmhsTasteHos/frmhsTasteHos.jsp,http://api.nongsaro.go.kr/sample/ajax/frmhsTasteHos/frmhsTasteHos.html,https://www.nongsaro.go.kr/portal/apiManual/frmhsTasteHos.zip,https://nongsaro.go.kr/portal/ps/psz/psza/contentMain.ps?menuId=PS03968&pageUnit=8
109,유형3,농기계 구입정보,농기계의사결정을 위한 상세정보를 제공.,부담면적/손익분기,,http://api.nongsaro.go.kr/sample/ajax/farmMachineDecision/farmMachineDecision.html,https://www.nongsaro.go.kr/portal/apiManual/farmMachineDecision.zip,https://nongsaro.go.kr/portal/ps/pse/psea/frcnBndarLst.ps?menuId=PS00237
108,유형3,농기계 시청각자료,농기계 시청각자료 정보를 제공.,시청각자료,,http://api.nongsaro.go.kr/sample/ajax/machineVod/machineVod.html,https://www.nongsaro.go.kr/portal/apiManual/machineVod.zip,https://nongsaro.go.kr/portal/ps/psz/psza/contentMain.ps?menuId=PS00253&sCntntsTyCode=093001&tabAt=ANI
107,유형3,농기계 안전용품,농기계 안전용품의 정보를 제공.,-,,http://api.nongsaro.go.kr/sample/ajax/farmSafeGoods/farmSafeGoods.html,https://www.nongsaro.go.kr/portal/apiManual/farmSafeGoods.zip,
106,유형3,농기계 안전이용 지침,농기계 안전이용 지침 정보를 제공.,농작업안전일반사항,,http://api.nongsaro.go.kr/sample/ajax/machineSafety/machineSafety.html,https://www.nongsaro.go.kr/portal/apiManual/machineSafety.zip,https://nongsaro.go.kr/portal/ps/pse/psei/machineSafetyLst.ps?menuId=PS00247&subMenuId=PS00457&tabMenuNo=PS02236
105,유형1,농사로 공통코드,농사로 공통코드 정보를 제공.,-,,http://api.nongsaro.go.kr/sample/ajax/commonCode/commonCode.html,https://www.nongsaro.go.kr/portal/apiManual/commonCode.zip,
104,유형1,농사로 이벤트,농사로이벤트 내용을 제공.,이벤트/설문,,http://api.nongsaro.go.kr/sample/ajax/nongsaroEvent/nongsaroEvent.html,https://www.nongsaro.go.kr/portal/apiManual/nongsaroEvent.zip,https://nongsaro.go.kr/portal/ps/psx/psxn/eventSurveyMain.ps?menuId=PS65355&pageUnit=12
103,유형3,농식품부산물영양정보,농식품부산물영양정보,농식품부산물영양정보,,http://api.nongsaro.go.kr/sample/ajax/foodbyprdNtrinfo/foodbyprdNtrinfo.html,https://www.nongsaro.go.kr/portal/apiManual/foodbyprdNtrinfo.zip,https://nongsaro.go.kr/portal/ps/psz/psza/feedContentMain.ps?menuId=PS04202
102,유형3,농약 품질검사,농약 품질검사,품질검사,,http://api.nongsaro.go.kr/sample/ajax/agchmQltinsp/agchmQltinsp.html,https://www.nongsaro.go.kr/portal/apiManual/agchmQltinsp.zip,https://nongsaro.go.kr/portal/ps/psz/psza/contentMain.ps?menuId=PS04030&bbsId=28
101,유형3,농약등록현황,농약등록현황 정보를 제공.,-,,http://api.nongsaro.go.kr/sample/ajax/pesticideRegStatus/pesticideRegStatus.html,https://www.nongsaro.go.kr/portal/apiManual/pesticideRegStatus.zip,
100,유형3,농약안전사용지침,"국가, 작목 별 농약안전사용지침 정보와 첨부파일을 제공.",농약안전사용지침,http://api.nongsaro.go.kr/sample/rest/agchmSafeManual/agchmSafeManual.jsp,http://api.nongsaro.go.kr/sample/ajax/agchmSafeManual/agchmSafeManual.html,https://www.nongsaro.go.kr/portal/apiManual/agchmSafeManual.zip,https://nongsaro.go.kr/portal/ps/psy/psya/agchmSafeUseManualLst.ps?menuId=PS65543
99,유형1,농약판매가격,농약 판매가격 정보를 제공.,-,,http://api.nongsaro.go.kr/sample/ajax/pesticideSalePrice/pesticideSalePrice.html,https://www.nongsaro.go.kr/portal/apiManual/pesticideSalePrice.zip,
98,유형3,농업과학기술 정책자료,농업과학기술 정책자료 정보를 제공.,정책제안자료,,http://api.nongsaro.go.kr/sample/ajax/farmTechPolicyData/farmTechPolicyData.html,https://www.nongsaro.go.kr/portal/apiManual/farmTechPolicyData.zip,https://nongsaro.go.kr/portal/ps/psz/pszf/apiUnityCall.ps?menuId=PS00073&insttFlag=ATIS&apiFlag=ATIS_API_FLAG_POLI
97,유형3,농업기계 사고사례,농업기계 사고사례,사고사례,,http://api.nongsaro.go.kr/sample/ajax/agriAccident/agriAccident.html,https://www.nongsaro.go.kr/portal/apiManual/agriAccident.zip,https://nongsaro.go.kr/portal/ps/psz/psza/contentMain.ps?menuId=PS00456
96,유형3,농업기계 안전 홍보,농업기계 안전 홍보 정보를 제공.,시청각자료,,http://api.nongsaro.go.kr/sample/ajax/agriMachSafePRInfo/agriMachSafePRInfo.html,https://www.nongsaro.go.kr/portal/apiManual/agriMachSafePRInfo.zip,https://nongsaro.go.kr/portal/ps/psz/psza/contentMain.ps?menuId=PS00253&sCntntsTyCode=093001&tabAt=ANI&tabAt=239001
95,유형3,농업기술 더하기 나누기,농업기술 더하기 나누기 정보를 제공.,농업기술더하기나누기,,http://api.nongsaro.go.kr/sample/ajax/mlrdCuration/mlrdCuration.html,https://www.nongsaro.go.kr/portal/apiManual/mlrdCuration.zip,https://nongsaro.go.kr/portal/ps/psx/psxa/mlrdCurationMain.ps?menuId=PS03974
94,유형3,농업기술동영상,"작물, 축산, 곤충, 농업재해예방, 농업경영 등 농사로에서 서비스하는 동영상 섬네일이미지 및 제목, 출처 정보를 제공.",농업기술동영상,http://api.nongsaro.go.kr/sample/rest/agriTechVideo/agriTechVideo.jsp,http://api.nongsaro.go.kr/sample/ajax/agriTechVideo/agriTechVideo.html,https://www.nongsaro.go.kr/portal/apiManual/agriTechVideo.zip,https://nongsaro.go.kr/portal/ps/psb/psbo/farmngTchnlgyMvpLst.ps?menuId=PS00069&pageUnit=9
93,유형1,농업용어사전,"검색어를 입력 및 검색 결과 정보로 검색어 일치항목, 검색어 전방일치항목, 시소러스정보를 제공.",농업용어사전,http://api.nongsaro.go.kr/sample/rest/farmDic/farmDic.jsp,http://api.nongsaro.go.kr/sample/ajax/farmDic/farmDic.html,https://www.nongsaro.go.kr/portal/apiManual/farmDic.zip,https://nongsaro.go.kr/portal/ps/psq/psqb/farmTermSimpleDicLst.ps?menuId=PS00064
92,유형1,농자재관련법령,농자재 관련법령 정보를 제공.,농촌진흥청 대표홈페이지,,http://api.nongsaro.go.kr/sample/ajax/farmToolLaw/farmToolLaw.html,https://www.nongsaro.go.kr/portal/apiManual/farmToolLaw.zip,http://www.rda.go.kr/board/board.do?mode=list&prgId=law_rdalwEntry
91,유형3,농작물재해예방정보,농작물재해예방 정보를 제공.,농작물재해예방정보,,http://api.nongsaro.go.kr/sample/ajax/frcDsstrPrevnt/frcDsstrPrevnt.html,https://www.nongsaro.go.kr/portal/apiManual/frcDsstrPrevnt.zip,https://nongsaro.go.kr/portal/ps/psz/psza/contentMain.ps?menuId=PS00074
90,유형3,농작업 안전교육,농작업 안전교육 정보를 제공.,-,,http://api.nongsaro.go.kr/sample/ajax/farmWorkSafetyEducation/farmWorkSafetyEducation.html,https://www.nongsaro.go.kr/portal/apiManual/farmWorkSafetyEducation.zip,
89,유형3,농작업일정 정보,"작물에 대한 농작물 관리, 병해충 방제요령 등의 주간농사정보 및 첨부파일 다운로드 기능을 제공.",농작업일정,http://api.nongsaro.go.kr/sample/rest/farmWorkingPlanNew/farmWorkingPlanNew.jsp,http://api.nongsaro.go.kr/sample/ajax/farmWorkingPlanNew/farmWorkingPlanNew.html,https://www.nongsaro.go.kr/portal/apiManual/farmWorkingPlanNew.zip,https://nongsaro.go.kr/portal/ps/psb/psbl/workScheduleLst.ps?menuId=PS00087&code=210004
88,유형3,농촌교육농장 정보,"전국의 농촌교육농장의 테마, 소재지 정보를 제공.",-,http://api.nongsaro.go.kr/sample/rest/fmlgEdcFarmm/fmlgEdcFarmm.jsp,http://api.nongsaro.go.kr/sample/ajax/fmlgEdcFarmm/fmlgEdcFarmm.html,https://www.nongsaro.go.kr/portal/apiManual/fmlgEdcFarmm.zip,
87,유형3,농촌다움 100선,농촌다움 100선의 정보를 제공.,농촌다움100선,,http://api.nongsaro.go.kr/sample/ajax/farmAmenity100/farmAmenity100.html,https://www.nongsaro.go.kr/portal/apiManual/farmAmenity100.zip,https://nongsaro.go.kr/portal/ps/psj/psjb/farmDaum100ViewLst.ps?menuId=PS00163&sResrceClCode=222001
86,유형3,농촌다움자원검색,농촌다움자원검색 정보를 제공.,농촌다움자원검색,,http://api.nongsaro.go.kr/sample/ajax/farmAmenityResourceSearch/farmAmenityResourceSearch.html,https://www.nongsaro.go.kr/portal/apiManual/farmAmenityResourceSearch.zip,https://nongsaro.go.kr/portal/ps/psj/psjc/farmSearchLst.ps?menuId=PS00164&sResrceCl=227010&pageIndex=1&pageSize=10
85,유형2,농촌문화 연구성과,농촌문화 연구성과,농촌문화 연구성과,,http://api.nongsaro.go.kr/sample/ajax/ruralCultureRsrchRslt/ruralCultureRsrchRsltLst.html,https://www.nongsaro.go.kr/portal/apiManual/ruralCultureRsrchRslt.zip,https://nongsaro.go.kr/portal/ps/psz/psza/contentMain.ps?menuId=PS65273&pageUnit=6&sGnCode=672001
84,유형3,농촌문화 이슈,"전국의 농촌교육농장의 테마, 소재지 정보를 제공.",농촌문화 이슈,,http://api.nongsaro.go.kr/sample/ajax/ruralCultureIssue/ruralCultureIssue.html,https://www.nongsaro.go.kr/portal/apiManual/ruralCultureIssue.zip,https://nongsaro.go.kr/portal/ps/psz/psza/contentMain.ps?menuId=PS65274
83,유형2,농촌진흥청 AI학습용이미지 양돈,농촌진흥청 AI학습용이미지 양돈 CSV 파일을 제공,공공데이터 포털,,,https://smartfarm.rda.go.kr/download/pig.zip,https://www.data.go.kr/data/15098116/fileData.do
82,유형2,농촌진흥청 AI학습용이미지 한우,농촌진흥청 AI학습용이미지 한우 CSV 파일을 제공,공공데이터 포털,,,https://smartfarm.rda.go.kr/download/cow.zip,https://www.data.go.kr/data/15098115/fileData.do
81,유형3,농축산물소득정보,2013년도 까지의 시군구별 농축산물 소득정보를 년도별로 제공.,2013년이전소득정보,http://api.nongsaro.go.kr/sample/rest/farmPrdtIncome/farmPrdtIncome.jsp,http://api.nongsaro.go.kr/sample/ajax/farmPrdtIncome/farmPrdtIncome.html,https://www.nongsaro.go.kr/portal/apiManual/farmPrdtIncome.zip,https://nongsaro.go.kr/portal/ps/psb/psbf/frmprdIncomeInfo.ps?menuId=PS03618&sYear=2013
80,유형3,반려동물 사료정보,생활문화 > 반려동물 집밥 만들기 메뉴에서 사용하는 원료 정보를 제공.,-,http://api.nongsaro.go.kr/sample/rest/feedRawMaterial/feedRawMaterial.jsp,http://api.nongsaro.go.kr/sample/ajax/feedRawMaterial/feedRawMaterial.html,https://www.nongsaro.go.kr/portal/apiManual/feedRawMaterial.zip,
79,유형3,별미 김치 30선,별미 김치 30선 정보를 제공.,국립농업과학원 농식품올바로,,http://api.nongsaro.go.kr/sample/ajax/delicacyKimchi30/delicacyKimchi30.html,https://www.nongsaro.go.kr/portal/apiManual/delicacyKimchi30.zip,http://koreanfood.rda.go.kr/kfi/kimchi/delicacyKimchi?menuId=PS04074
78,유형3,병해충발생정보,"농촌진흥청에서 제공하는 병해충발생정보 제목 및 작성자, 등록일, 조회수, 첨부파일 다운로드 기능을 제공.",병해충 발생정보,http://api.nongsaro.go.kr/sample/rest/dbyhsCccrrncInfo/dbyhsCccrrncInfo.jsp,http://api.nongsaro.go.kr/sample/ajax/dbyhsCccrrncInfo/dbyhsCccrrncInfo.html,https://www.nongsaro.go.kr/portal/apiManual/dbyhsCccrrncInfo.zip,https://nongsaro.go.kr/portal/ps/psz/psza/contentMain.ps?menuId=PS00200
77,유형3,분류군별경제곤충검색,분류군별경제곤충 검색을 제공.,분류군별경제곤충,,http://api.nongsaro.go.kr/sample/ajax/clgruppEcnmyInsectSrch/clgruppEcnmyInsectSrch.html,https://www.nongsaro.go.kr/portal/apiManual/clgruppEcnmyInsectSrch.zip,https://nongsaro.go.kr/portal/ps/psw/pswd/pswda/clgruppEcnmyInsectMain.ps?menuId=PS03778
76,유형3,비료 품질검사,비료 품질검사,품질검사,,http://api.nongsaro.go.kr/sample/ajax/frtlzrQltinsp/frtlzrQltinsp.html,https://www.nongsaro.go.kr/portal/apiManual/frtlzrQltinsp.zip,https://nongsaro.go.kr/portal/ps/psz/psza/contentMain.ps?menuId=PS04003&bbsId=27
75,유형3,사료 직거래장터,사료 직거래 장터 정보를 제공.,-,,http://api.nongsaro.go.kr/sample/ajax/directDelng/directDelng.html,https://www.nongsaro.go.kr/portal/apiManual/directDelng.zip,
74,유형2,사진마당 원화 정보,사진마당 원화 정보,농촌진흥청 대표홈페이지,,http://api.nongsaro.go.kr/sample/ajax/rdaOriginalPhotoInfo/rdaOriginalPhotoInfo.html,https://www.nongsaro.go.kr/portal/apiManual/rdaOriginalPhotoInfo.zip,https://www.rda.go.kr/ptoPtoFrmPrmnList.do?prgId=pto_farmprmnptoEntry
73,유형3,수출농업 동향자료,수출농업 동향자료,동향자료,,http://api.nongsaro.go.kr/sample/ajax/prdlstImxprtTrend/prdlstImxprtTrend.html,https://www.nongsaro.go.kr/portal/apiManual/prdlstImxprtTrend.zip,https://nongsaro.go.kr/portal/ps/psz/psza/contentMain.ps?menuId=PS04207
72,유형3,수출농업 발간도서,수출농업 발간도서 정보를 제공.,기타자료,,http://api.nongsaro.go.kr/sample/ajax/exportPublicationBook/exportPublicationBook.html,https://www.nongsaro.go.kr/portal/apiManual/exportPublicationBook.zip,https://nongsaro.go.kr/portal/ps/psz/psza/contentMain.ps?menuId=PS04005
71,유형3,수출농업 종합컨설팅,수출농업에 대한 종합적인 컨설팅 정보를 제공.,종합컨설팅,,http://api.nongsaro.go.kr/sample/ajax/exportConsulting/exportConsulting.html,https://www.nongsaro.go.kr/portal/apiManual/exportConsulting.zip,https://nongsaro.go.kr/portal/ps/psz/psza/contentMain.ps?menuId=PS04340
70,유형3,수출자료 Zoom-In,수출농업 기타자료실 정보를 제공.,농수산식품수출Zoom-In,,http://api.nongsaro.go.kr/sample/ajax/exportDataZoomIn/exportDataZoomIn.html,https://www.nongsaro.go.kr/portal/apiManual/exportDataZoomIn.zip,https://nongsaro.go.kr/portal/ps/psz/psza/contentMain.ps?menuId=PS02758
69,유형3,시설설계도 참고용,시설설계도 참고용,설계 참고용,,http://api.nongsaro.go.kr/sample/ajax/fcltyStdDsgndoRefer/fcltyStdDsgndoRefer.html,https://www.nongsaro.go.kr/portal/apiManual/fcltyStdDsgndoRefer.zip,https://nongsaro.go.kr/portal/ps/psz/psza/contentMain.ps?menuId=PS00076
68,유형1,시설표준설계도 설계지원프로그램 다운로드 이력,시설표준설계도 설계지원프로그램 다운로드 이력 정보를 제공.,-,,http://api.nongsaro.go.kr/sample/ajax/vinyHouseDownloadInfo/vinyHouseDownloadInfo.html,https://www.nongsaro.go.kr/portal/apiManual/vinyHouseDownloadInfo.zip,
67,유형3,신기술 농업기계 지정현황,신기술 농업기계 지정현황,지정현황,,http://api.nongsaro.go.kr/sample/ajax/ntcnqFchAppn/ntcnqFchAppn.html,https://www.nongsaro.go.kr/portal/apiManual/ntcnqFchAppn.zip,https://nongsaro.go.kr/portal/ps/psx/psxp/ntcnqFchAppnMain.ps?menuId=PS04159
66,유형2,실내정원 동영상강좌,실내정원 동영상강좌,동영상강좌,,http://api.nongsaro.go.kr/sample/ajax/indoorpsncpaMvpLctre/indoorpsncpaMvpLctreLst.html,https://www.nongsaro.go.kr/portal/apiManual/indoorpsncpaMvpLctre.zip,https://nongsaro.go.kr/portal/ps/psz/psza/contentMain.ps?menuId=PS00380
65,유형3,실내정원만들기,실내정원만들기 정보를 제공.,실내정원만들기,,http://api.nongsaro.go.kr/sample/ajax/cateGardenMake/cateGardenMake.html,https://www.nongsaro.go.kr/portal/apiManual/cateGardenMake.zip,https://nongsaro.go.kr/portal/ps/psz/psza/contentMain.ps?menuId=PS00379
64,유형3,실내정원용 식물,"광도, 가격대, 물주기 등의 조건별 실내정원용 식물 정보를 제공.",-,http://api.nongsaro.go.kr/sample/rest/garden/garden.jsp,http://api.nongsaro.go.kr/sample/ajax/garden/garden.html,https://www.nongsaro.go.kr/portal/apiManual/garden.zip,
63,유형3,약초정보,"민간약초의 이용부위, 형태, 민간요법, 참고 이미지를 제공.",민간약초,http://api.nongsaro.go.kr/sample/rest/prvateTherpy/prvateTherpy.jsp,http://api.nongsaro.go.kr/sample/ajax/prvateTherpy/prvateTherpy.html,https://www.nongsaro.go.kr/portal/apiManual/prvateTherpy.zip,https://nongsaro.go.kr/portal/ps/psz/psza/contentMain.ps?menuId=PS04103&pageUnit=8
62,유형3,여성농업인 알림마당,여성농업인 알림마당 내용를 제공.,알림마당,,http://api.nongsaro.go.kr/sample/ajax/femaleFarmerNotice/femaleFarmerNotice.html,https://www.nongsaro.go.kr/portal/apiManual/femaleFarmerNotice.zip,https://nongsaro.go.kr/portal/ps/psz/psza/contentMain.ps?menuId=PS65337
61,유형3,역대청차장명단,역대청차장명단 정보를 제공.,농촌진흥청 대표홈페이지,,http://api.nongsaro.go.kr/sample/ajax/dirhistory/dirhistory.html,https://www.nongsaro.go.kr/portal/apiManual/dirhistory.zip,http://www.rda.go.kr/idu.do?prgId=idu_hstydrctEntry&gubun=1524
60,유형3,원클릭 농업기술,원클릭 농업기술 정보를 제공.,-,,http://api.nongsaro.go.kr/sample/ajax/oneClickFarmngTchnlgy/oneClickFarmngTchnlgy.html,https://www.nongsaro.go.kr/portal/apiManual/oneClickFarmngTchnlgy.zip,
59,유형2,월간농업기술정보목록,농업기술 정보 현황,농촌진흥청 대표홈페이지,,http://api.nongsaro.go.kr/sample/ajax/rdaFarmngtchnlgyInfo/rdaFarmngtchnlgyInfoLst.html,https://www.nongsaro.go.kr/portal/apiManual/rdaFarmngtchnlgyInfo.zip,https://www.rda.go.kr/board/board.do?mode=list&prgId=syb_pubctebookEntry
58,유형3,유관기관안내,유관기관 정보와 첨부파일을 제공.,-,,http://api.nongsaro.go.kr/sample/ajax/relatedOrganization/relatedOrganization.html,https://www.nongsaro.go.kr/portal/apiManual/relatedOrganization.zip,
57,유형3,유기농실천사례,유기농실천사례,유기농실천사례,,http://api.nongsaro.go.kr/sample/ajax/orgnicPractice/orgnicPractice.html,https://www.nongsaro.go.kr/portal/apiManual/orgnicPractice.zip,https://nongsaro.go.kr/portal/ps/psz/psza/contentMain.ps?menuId=PS00082
56,유형3,유기농업책자,유기농업책자 정보와 첨부파일을 제공.,유기농기술지,,http://api.nongsaro.go.kr/sample/ajax/orgnicTchBook/orgnicTchBook.html,https://www.nongsaro.go.kr/portal/apiManual/orgnicTchBook.zip,https://nongsaro.go.kr/portal/ps/psz/psza/contentMain.ps?menuId=PS04185
55,유형1,음식 기본 정보,음식 기본 정보를 가진 공통코드를 제공.,-,,http://api.nongsaro.go.kr/sample/ajax/foodCommonCode/foodCommonCode.html,https://www.nongsaro.go.kr/portal/apiManual/foodCommonCode.zip,
54,유형3,이달의 농업기술,이달의 농업기술 정보를 제공.,이달의 농업기술,,http://api.nongsaro.go.kr/sample/ajax/monthFarmTech/monthFarmTech.html,https://www.nongsaro.go.kr/portal/apiManual/monthFarmTech.zip,https://nongsaro.go.kr/portal/ps/psv/psvr/psvre/curationMain.ps?menuId=PS03352&sSrchAll=Y
53,유형3,이달의 음식 정보,매달 선정되는 이달의 식재료를 이용한 다양한 음식 및 요리 정보를 제공.,-,http://api.nongsaro.go.kr/sample/rest/monthFd/monthFd.jsp,http://api.nongsaro.go.kr/sample/ajax/monthFd/monthFd.html,https://www.nongsaro.go.kr/portal/apiManual/monthFd.zip,
52,유형3,인삼레시피,인삼레시피 정보를 제공.,-,,http://api.nongsaro.go.kr/sample/ajax/gnsnRecipe/gnsnRecipe.html,https://www.nongsaro.go.kr/portal/apiManual/gnsnRecipe.zip,
51,유형3,작목별농업기술정보,"작목별 정보를 농업기술길잡이를 통하여 제공하며, 작목별로 최근 반영된 개정자료를 제공.",-,,http://api.nongsaro.go.kr/sample/ajax/cropEbook/cropEbook.html,https://www.nongsaro.go.kr/portal/apiManual/cropEbook.zip,
50,유형3,잔류농약기준 위반현황,잔류농약기준 위반현황 정보를 제공.,잔류농약기준 위반현황,,http://api.nongsaro.go.kr/sample/ajax/xportSftyVioltStus/xportSftyVioltStus.html,https://www.nongsaro.go.kr/portal/apiManual/xportSftyVioltStus.zip,https://nongsaro.go.kr/portal/ps/psz/psza/contentMain.ps?menuId=PS04120
49,유형3,잡초정보,잡초 정보를 제공.,잡초검색,,http://api.nongsaro.go.kr/sample/ajax/weedsInfo/weedsInfo.html,https://www.nongsaro.go.kr/portal/apiManual/weedsInfo.zip,https://nongsaro.go.kr/portal/ps/pss/pssa/weedsSearchLst.ps?menuId=PS00406
48,유형3,전통주 제조법,전통주 제조법 정보를 제공.,전통주제조법,,http://api.nongsaro.go.kr/sample/ajax/trditAchlqrMnfcturLaw/trditAchlqrMnfcturLaw.html,https://www.nongsaro.go.kr/portal/apiManual/trditAchlqrMnfcturLaw.zip,https://nongsaro.go.kr/portal/ps/psz/psza/contentMain.ps?menuId=PS00349&pageUnit=12
47,유형3,종가음식,종가음식 정보를 제공.,종가음식,,http://api.nongsaro.go.kr/sample/ajax/headFamilyFood/headFamilyFood.html,https://www.nongsaro.go.kr/portal/apiManual/headFamilyFood.zip,https://nongsaro.go.kr/portal/ps/psr/psra/clsrcFdLst.ps?menuId=PS03926
46,유형3,좋아하는 꽃,선호꽃 효과 정보를 제공.,좋아하는꽃을선택해보세요,,http://api.nongsaro.go.kr/sample/ajax/preferenceFlower/preferenceFlower.html,https://www.nongsaro.go.kr/portal/apiManual/preferenceFlower.zip,https://nongsaro.go.kr/portal/ps/psz/psza/contentMain.ps?menuId=PS04047
45,유형3,주간농사정보,"작물에 대한 농작물 관리, 병해충 방제요령 등의 주간농사정보 및 첨부파일 다운로드 기능을 제공.",주간농사정보,http://api.nongsaro.go.kr/sample/rest/weekFarmInfo/weekFarmInfo.jsp,http://api.nongsaro.go.kr/sample/ajax/weekFarmInfo/weekFarmInfo.html,https://www.nongsaro.go.kr/portal/apiManual/weekFarmInfo.zip,https://nongsaro.go.kr/portal/ps/psz/psza/contentMain.ps?menuId=PS00199
44,유형3,주제별 짧은 강의동영상,주제별 짧은 강의동영상을 제공.,강의동영상,,http://api.nongsaro.go.kr/sample/ajax/lectureDicMvp/lectureDicMvp.html,https://www.nongsaro.go.kr/portal/apiManual/lectureDicMvp.zip,https://nongsaro.go.kr/portal/ps/psb/psbd/lectureMvpLst.ps?menuId=PS04084
43,유형3,주제별 짧은 기술동영상,주제별 짧은 기술동영상을 제공.,농업기술동영상,,http://api.nongsaro.go.kr/sample/ajax/curationMvp/curationMvp.html,https://www.nongsaro.go.kr/portal/apiManual/curationMvp.zip,https://nongsaro.go.kr/portal/ps/psb/psbo/farmngTchnlgyMvpLst.ps?menuId=PS00069&pageUnit=9
42,유형3,지역 브랜드,지역 브랜드,지역브랜드,,http://api.nongsaro.go.kr/sample/ajax/areaBrand/areaBrand.html,https://www.nongsaro.go.kr/portal/apiManual/areaBrand.zip,https://nongsaro.go.kr/portal/ps/psz/psza/contentMain.ps?menuId=PS03344&sUpperClCode=376005&pageUnit=9
41,유형3,지역특산물,지역특산물,지역특산물,,http://api.nongsaro.go.kr/sample/ajax/localSpcprd/localSpcprd.html,https://www.nongsaro.go.kr/portal/apiManual/localSpcprd.zip,https://nongsaro.go.kr/portal/ps/psz/psza/contentMain.ps?menuId=PS03343&sUpperClCode=376004&pageUnit=9&pageSize=7
40,유형3,진로체험활동 정보,청소년들의 진로에 활용할 수 있는 유용한 정보를 제공.,토마토 재배부터 판매까지,http://api.nongsaro.go.kr/sample/rest/schoolGarden/schoolGarden.jsp,http://api.nongsaro.go.kr/sample/ajax/schoolGarden/schoolGarden.html,https://www.nongsaro.go.kr/portal/apiManual/schoolGarden.zip,https://nongsaro.go.kr/portal/ps/psz/psza/contentMain.ps?menuId=PS03962
39,유형3,창업을 위한 식용 곤충요리,식용 곤충 요리 정보를 제공.,식용곤충요리,,http://api.nongsaro.go.kr/sample/ajax/insectFood/insectFood.html,https://www.nongsaro.go.kr/portal/apiManual/insectFood.zip,https://nongsaro.go.kr/portal/ps/psz/psza/contentMain.ps?menuId=PS04209&pageUnit=12
38,유형3,천연작물보호소재 정보,"과명, 학명, 국명 등의 검색 기능 및 정보를 제공하고 각 식물별 화합물 및 참고 문헌리스트를 제공.",천연작물보호소재검색,http://api.nongsaro.go.kr/sample/rest/biopesticide/biopesticide.jsp,http://api.nongsaro.go.kr/sample/ajax/biopesticide/biopesticide.html,https://www.nongsaro.go.kr/portal/apiManual/biopesticide.zip,https://nongsaro.go.kr/portal/ps/psd/psda/compoundLst.ps?menuId=PS00125&tabMenuNo=PS00283&tabMenuNo=PS00284
37,유형3,천적활용기술,천적활용기술 정보를 제공.,-,,http://api.nongsaro.go.kr/sample/ajax/naturalEnemyTech/naturalEnemyTech.html,https://www.nongsaro.go.kr/portal/apiManual/naturalEnemyTech.zip,
36,유형3,첨단농업기술,첨단농업기술 정보를 제공.,-,,http://api.nongsaro.go.kr/sample/ajax/uptodeFarmngTchnlgyInfo/uptodeFarmngTchnlgyInfo.html,https://www.nongsaro.go.kr/portal/apiManual/uptodeFarmngTchnlgyInfo.zip,
35,유형1,청차장일정,청차장 일정 정보를 제공.,농촌진흥청 대표홈페이지,,http://api.nongsaro.go.kr/sample/ajax/drctschEntry/drctschEntry.html,https://www.nongsaro.go.kr/portal/apiManual/drctschEntry.zip,http://www.rda.go.kr/idu.do?prgId=idu_drctschEntry&gubun=1523&ctx=minister&whatKindOfSearch=1
34,유형3,최신 생산 경영 기술,최신 생산 경영 기술,최신생산경영기술,,http://api.nongsaro.go.kr/sample/ajax/manufactureTech/manufactureTech.html,https://www.nongsaro.go.kr/portal/apiManual/manufactureTech.zip,https://nongsaro.go.kr/portal/ps/psz/psza/contentMain.ps?menuId=PS00081
33,유형3,최신 유기농업 기술,최신 유기농업 기술,최신유기농업기술,,http://api.nongsaro.go.kr/sample/ajax/orgnicFarmng/orgnicFarmng.html,https://www.nongsaro.go.kr/portal/apiManual/orgnicFarmng.zip,https://nongsaro.go.kr/portal/ps/psz/psza/contentMain.ps?menuId=PS00080
32,유형3,추천 식단,추천 식단 정보를 제공.,-,,http://api.nongsaro.go.kr/sample/ajax/todayDiet/todayDiet.html,https://www.nongsaro.go.kr/portal/apiManual/todayDiet.zip,
31,유형3,추천식단정보,"식단 분류 및 각 분류별 대표이미지, 제목, 식단 상세 설명 정보를 제공.",-,http://api.nongsaro.go.kr/sample/rest/recomendDiet/recomendDiet.jsp,http://api.nongsaro.go.kr/sample/ajax/recomendDiet/recomendDiet.html,https://www.nongsaro.go.kr/portal/apiManual/recomendDiet.zip,
30,유형3,축산분뇨 농가활용프로그램,축산분뇨 농가활용프로그램,농가활용프로그램,,http://api.nongsaro.go.kr/sample/ajax/farmAppTech/farmAppTech.html,https://www.nongsaro.go.kr/portal/apiManual/farmAppTech.zip,https://nongsaro.go.kr/portal/ps/psz/psza/contentMain.ps?menuId=PS03231&bbsId=17
29,유형3,축산분뇨 자원화 업체,자원화업체 정보와 첨부파일을 제공.,자원화전문업체,,http://api.nongsaro.go.kr/sample/ajax/manureRecycling/manureRecycling.html,https://www.nongsaro.go.kr/portal/apiManual/manureRecycling.zip,https://nongsaro.go.kr/portal/ps/psg/psgc/psgcb/bcrsSpcltyEntrpsMapLst.ps?menuId=PS03245&sFcltySeCode=305001
28,유형1,축산분뇨 처리시설업체,처리시설업체 정보와 첨부파일을 제공.,처리시설업체,,http://api.nongsaro.go.kr/sample/ajax/processFcltyEntrps/processFcltyEntrps.html,https://www.nongsaro.go.kr/portal/apiManual/processFcltyEntrps.zip,https://nongsaro.go.kr/portal/ps/psg/psgc/psgca/processFcltyEntrpsLst.ps?menuId=PS03243
27,유형3,축산실용기술모음,축산 실용 기술 정보를 제공.,축산용어사전,,http://api.nongsaro.go.kr/sample/ajax/stkrsPractialTech/stkrsPractialTech.html,https://www.nongsaro.go.kr/portal/apiManual/stkrsPractialTech.zip,https://nongsaro.go.kr/portal/ps/psg/psgd/stkrsTermDicLst.ps?menuId=PS03158
26,유형1,축산용어사전,축산 관련 용어 설명 정보를 제공.,축산용어사전,,http://api.nongsaro.go.kr/sample/ajax/stockbreedingDic/stockbreedingDic.html,https://www.nongsaro.go.kr/portal/apiManual/stockbreedingDic.zip,https://nongsaro.go.kr/portal/ps/psg/psgd/stkrsTermDicLst.ps?menuId=PS03158
25,유형3,축산환경자가진단,축산환경자가진단을 위한 평가기준 정보를 제공.,자가진단심사기준,,http://api.nongsaro.go.kr/sample/ajax/stkrsEnvrnJdgmn/stkrsEnvrnJdgmn.html,https://www.nongsaro.go.kr/portal/apiManual/stkrsEnvrnJdgmn.zip,https://nongsaro.go.kr/portal/ps/psz/psza/contentMain.ps?menuId=PS03236&tabMenuNo=PS03415
24,유형3,치유농업 동영상,치유농업 동영상 정보를 제공.,농업기술동영상,,http://api.nongsaro.go.kr/sample/ajax/agroHealingFarmMvp/agroHealingFarmMvp.html,https://www.nongsaro.go.kr/portal/apiManual/agroHealingFarmMvp.zip,https://nongsaro.go.kr/portal/ps/psb/psbo/farmngTchnlgyMvpLst.ps?menuId=PS00069&pageUnit=9&sPrdlstCtgCode=HE
23,유형3,치유농업 연구성과,치유농업 연구성과 정보를 제공.,농촌진흥청 연구성과,,http://api.nongsaro.go.kr/sample/ajax/agroHealingResearchResult/agroHealingResearchResult.html,https://www.nongsaro.go.kr/portal/apiManual/agroHealingResearchResult.zip,https://nongsaro.go.kr/portal/ps/psz/psza/contentMain.ps?menuId=PS65201&pageUnit=9&sGnCode=667001
22,유형3,치유농업 이슈,치유농업 이슈 정보를 제공.,치유농업 이슈,,http://api.nongsaro.go.kr/sample/ajax/agroHealingIssue/agroHealingIssue.html,https://www.nongsaro.go.kr/portal/apiManual/agroHealingIssue.zip,https://nongsaro.go.kr/portal/ps/psz/psza/contentMain.ps?menuId=PS65203&pageUnit=8
21,유형3,치유농업 참고자료,치유농업 참고자료 정보를 제공.,치유농업 참고자료,,http://api.nongsaro.go.kr/sample/ajax/agroHealingRef/agroHealingRef.html,https://www.nongsaro.go.kr/portal/apiManual/agroHealingRef.zip,https://nongsaro.go.kr/portal/ps/psz/psza/contentMain.ps?menuId=PS65216
20,유형3,치유농장,치유농장 정보를 제공.,국내외 치유농장,,http://api.nongsaro.go.kr/sample/ajax/agroHealingFarm/agroHealingFarm.html,https://www.nongsaro.go.kr/portal/apiManual/agroHealingFarm.zip,https://nongsaro.go.kr/portal/ps/psz/psza/contentMain.ps?menuId=PS65207&pageUnit=7&sGnCode=669001
19,유형3,친환경농법사례,친환경농법 사례 정보를 제공.,우수사례,,http://api.nongsaro.go.kr/sample/ajax/evrfrndFarmng/evrfrndFarmng.html,https://www.nongsaro.go.kr/portal/apiManual/evrfrndFarmng.zip,https://nongsaro.go.kr/portal/ps/psz/psza/contentMain.ps?menuId=PS03822&sUpperClCode=376002&pageUnit=6
18,유형3,텃밭가꾸기 정보,"텃밭 채소, 과수 등의 작물을 재배할 때 활용할 수 있는 유용한 정보를 제공.",채소,http://api.nongsaro.go.kr/sample/rest/fildMnfct/fildMnfct.jsp,http://api.nongsaro.go.kr/sample/ajax/fildMnfct/fildMnfct.html,https://www.nongsaro.go.kr/portal/apiManual/fildMnfct.zip,https://nongsaro.go.kr/portal/ps/psz/psza/contentMain.ps?menuId=PS03172&sSeCode=335001
17,유형3,토마토재배시설 평가하기,토마토재배시설 평가를 위한 기초 정보를 제공.,-,,http://api.nongsaro.go.kr/sample/ajax/tmtEvl/tmtEvl.html,https://www.nongsaro.go.kr/portal/apiManual/tmtEvl.zip,
16,유형3,표준사료 검색,"농후사료, 조사료 등 표준사료 정보를 한글명, 영문명으로 구분하여 제공.",사료검색,http://api.nongsaro.go.kr/sample/rest/feedSearch/feedSearch.jsp,http://api.nongsaro.go.kr/sample/ajax/feedSearch/feedSearch.html,https://www.nongsaro.go.kr/portal/apiManual/feedSearch.zip,https://nongsaro.go.kr/portal/ps/psx/psxl/feedNewSchLst.ps?menuId=PS00105
15,유형3,품목별 관리매뉴얼,세부 품목 리스트 및 농작업일정 첨부파일 다운로드 기능을 제공.,-,http://api.nongsaro.go.kr/sample/rest/farmWorkingPlan/farmWorkingPlan.jsp,http://api.nongsaro.go.kr/sample/ajax/farmWorkingPlan/farmWorkingPlan.html,https://www.nongsaro.go.kr/portal/apiManual/farmWorkingPlan.zip,
14,유형3,품목별 수출정보,품목별 수출정보,품목별 수출정보,,http://api.nongsaro.go.kr/sample/ajax/prdlstInfo/prdlstInfo.html,https://www.nongsaro.go.kr/portal/apiManual/prdlstInfo.zip,https://nongsaro.go.kr/portal/ps/psz/psza/contentMain.ps?menuId=PS04161
13,유형3,품종 정보,"품종별 따른 분류, 육성년도, 숙기 등의 검색 및 대표이미지, 작물명, 육선년도, 육성기관, 품종명 등의 정보를 제공.",품종정보,http://api.nongsaro.go.kr/sample/rest/varietyInfo/varietyInfo.jsp,http://api.nongsaro.go.kr/sample/ajax/varietyInfo/varietyInfo.html,https://www.nongsaro.go.kr/portal/apiManual/varietyInfo.zip,https://nongsaro.go.kr/portal/ps/psa/psab/psabf/spciesRsrchLst.ps?menuId=PS65425
12,유형3,품종정보출원 등록정보,품종정보출원/등록정보(보호등록) 정보를 제공.,출원/등록정보,,http://api.nongsaro.go.kr/sample/ajax/varietyInfoRegData/varietyInfoRegData.html,https://www.nongsaro.go.kr/portal/apiManual/varietyInfoRegData.zip,https://nongsaro.go.kr/portal/ps/psa/psab/psabf/spciesRsrchLst.ps?menuId=PS00270&spciesChk=N
11,유형3,학교텃밭 우수사례,학교 텃밭 우수 사례 정보를 제공.,학교텃밭 우수 사례,,http://api.nongsaro.go.kr/sample/ajax/excellenceCase/excellenceCase.html,https://www.nongsaro.go.kr/portal/apiManual/excellenceCase.zip,https://nongsaro.go.kr/portal/ps/psz/psza/contentMain.ps?menuId=PS00400
10,유형3,학교텃밭교과학습활동프로그램,학교텃밭 교과학습활동 프로그램 정보를 제공.,기타 프로그램,,http://api.nongsaro.go.kr/sample/ajax/studyActivityProgram/studyActivityProgram.html,https://www.nongsaro.go.kr/portal/apiManual/studyActivityProgram.zip,https://nongsaro.go.kr/portal/ps/psz/psza/contentMain.ps?menuId=PS00519
9,유형3,한방약술,한방약술 정보를 제공.,한방약술,,http://api.nongsaro.go.kr/sample/ajax/orientalMedicineAlcohol/orientalMedicineAlcohol.html,https://www.nongsaro.go.kr/portal/apiManual/orientalMedicineAlcohol.zip,https://nongsaro.go.kr/portal/ps/psz/psza/contentMain.ps?menuId=PS03927&pageUnit=9
8,유형3,해외 농업 연구,해외 농업 연구 정보와 첨부파일을 제공.,해외농업,,http://api.nongsaro.go.kr/sample/ajax/ovseaFarmng/ovseaFarmng.html,https://www.nongsaro.go.kr/portal/apiManual/ovseaFarmng.zip,https://nongsaro.go.kr/portal/ps/psz/psza/contentMain.ps?menuId=PS00098
7,유형3,향토 음식,"전국의 유명 향토음식의 재료, 조리 방법 등의 정보를 제공.",음식명검색,http://api.nongsaro.go.kr/sample/rest/nvpcFdCkry/nvpcFdCkry.jsp,http://api.nongsaro.go.kr/sample/ajax/nvpcFdCkry/nvpcFdCkry.html,https://www.nongsaro.go.kr/portal/apiManual/nvpcFdCkry.zip,https://nongsaro.go.kr/portal/ps/psr/psrc/fdNmLst.ps?menuId=PS03933
6,유형3,향토음식 한영대역사전,향토음식 한영대역사전 정보를 제공.,한영대역사전,,http://api.nongsaro.go.kr/sample/ajax/korEngDictionary/korEngDictionary.html,https://www.nongsaro.go.kr/portal/apiManual/korEngDictionary.zip,https://nongsaro.go.kr/portal/ps/psr/psrl/korEngDictionary.ps?menuId=PS03937
5,유형3,현장기술지원,작목별 현장기술지원 결과를 제공.,현장기술지원 사례,http://api.nongsaro.go.kr/sample/rest/sptTchnlgySport/sptTchnlgySport.jsp,http://api.nongsaro.go.kr/sample/ajax/sptTchnlgySport/sptTchnlgySport.html,https://www.nongsaro.go.kr/portal/apiManual/sptTchnlgySport.zip,https://nongsaro.go.kr/portal/ps/psz/psza/contentMain.ps?menuId=PS00077
4,유형3,현장애로기술사례,농업 현장에서 발생한 질의와 그에 대한 전문가들의 답변 정보를 제공.,현장기술 상담결과,http://api.nongsaro.go.kr/sample/rest/elctrnCvpl/elctrnCvpl.jsp,http://api.nongsaro.go.kr/sample/ajax/elctrnCvpl/elctrnCvpl.html,https://www.nongsaro.go.kr/portal/apiManual/elctrnCvpl.zip,https://nongsaro.go.kr/portal/ps/psz/psza/contentMain.ps?menuId=PS00078
3,유형1,홍보서비스,홍보서비스 정보를 제공.,-,,http://api.nongsaro.go.kr/sample/ajax/prUnityContent/prUnityContent.html,https://www.nongsaro.go.kr/portal/apiManual/prUnityContent.zip,
2,유형3,화분매개곤충 농약적용,화분매개곤충 농약적용 정보를 제공.,농약적용검색,,http://api.nongsaro.go.kr/sample/ajax/insectAgchApplc/insectAgchApplc.html,https://www.nongsaro.go.kr/portal/apiManual/insectAgchApplc.zip,https://nongsaro.go.kr/portal/ps/psc/pscc/insectAgchApplcLst.ps?menuId=PS00207
1,유형3,화분매개곤충 생산자 정보,화분매개곤충 생산자 정보를 제공.,-,,http://api.nongsaro.go.kr/sample/ajax/insectMkerInfo/insectMkerInfo.html,https://www.nongsaro.go.kr/portal/apiManual/insectMkerInfo.zip,
